id,candidate,candidate_confidence,relevant_yn,relevant_yn_confidence,sentiment,sentiment_confidence,subject_matter,subject_matter_confidence,candidate_gold,name,relevant_yn_gold,retweet_count,sentiment_gold,subject_matter_gold,text,tweet_coord,tweet_created,tweet_id,tweet_location,user_timezone
1,No candidate mentioned,1,yes,1,Neutral,0.6578,None of the above,1,,I_Am_Kenzi,,5,,,RT @NancyLeeGrahn: How did everyone feel about the Climate Change question last night? Exactly. #GOPDebate,,8/7/2015 9:54,6.29697E+17,,Quito
2,Scott Walker,1,yes,1,Positive,0.6333,None of the above,1,,PeacefulQuest,,26,,,RT @ScottWalker: Didn't catch the full #GOPdebate last night. Here are some of Scott's best lines in 90 seconds. #Walker16 http://t.co/ZSfF‚Ä¶,,8/7/2015 9:54,6.29697E+17,,
3,No candidate mentioned,1,yes,1,Neutral,0.6629,None of the above,0.6629,,PussssyCroook,,27,,,RT @TJMShow: No mention of Tamir Rice and the #GOPDebate was held in Cleveland? Wow.,,8/7/2015 9:54,6.29697E+17,,
4,No candidate mentioned,1,yes,1,Positive,1,None of the above,0.7039,,MattFromTexas31,,138,,,RT @RobGeorge: That Carly Fiorina is trending -- hours after HER debate -- above any of the men in just-completed #GOPdebate says she's on ‚Ä¶,,8/7/2015 9:54,6.29697E+17,Texas,Central Time (US & Canada)
5,Donald Trump,1,yes,1,Positive,0.7045,None of the above,1,,sharonDay5,,156,,,RT @DanScavino: #GOPDebate w/ @realDonaldTrump delivered the highest ratings in the history of presidential debates. #Trump2016 http://t.co‚Ä¶,,8/7/2015 9:54,6.29697E+17,,Arizona
6,Ted Cruz,0.6332,yes,1,Positive,0.6332,None of the above,1,,DRJohnson11,,228,,,"RT @GregAbbott_TX: @TedCruz: ""On my first day I will rescind every illegal executive action taken by Barack Obama."" #GOPDebate @FoxNews",,8/7/2015 9:54,6.29697E+17,,Central Time (US & Canada)
7,No candidate mentioned,1,yes,1,Negative,0.6761,FOX News or Moderators,1,,DebWilliams57,,17,,,RT @warriorwoman91: I liked her and was happy when I heard she was going to be the moderator. Not anymore. #GOPDebate @megynkelly  https://‚Ä¶,,8/7/2015 9:54,6.29697E+17,North Georgia,Eastern Time (US & Canada)
8,No candidate mentioned,1,yes,1,Neutral,1,None of the above,1,,RaulAReyes,,0,,,Going on #MSNBC Live with @ThomasARoberts around 2 PM ET.  #GOPDebate,,8/7/2015 9:54,6.29697E+17,New York NY,Eastern Time (US & Canada)
9,Ben Carson,1,yes,1,Negative,0.6889,None of the above,0.6444,,kengpdx,,0,,,"Deer in the headlights RT @lizzwinstead: Ben Carson, may be the only brain surgeon who has performed a lobotomy on himself. #GOPDebate",,8/7/2015 9:54,6.29697E+17,,Pacific Time (US & Canada)
10,No candidate mentioned,0.4594,yes,0.6778,Negative,0.6778,None of the above,0.4594,,Kathielarsyn,,1,,,RT @NancyOsborne180: Last night's debate proved it! #GOPDebate #BATsAsk @BadassTeachersA #TBATs  https://t.co/G2gGjY1bJD,,8/7/2015 9:54,6.29697E+17,,
11,Donald Trump,1,yes,1,Negative,1,None of the above,1,,jnjsmom,,0,,,@JGreenDC @realDonaldTrump In all fairness #BillClinton owns that phrase.#GOPDebate,,8/7/2015 9:54,6.29697E+17,"Peoria, IL",Central Time (US & Canada)
12,Mike Huckabee,1,yes,1,Positive,1,Foreign Policy,0.652,,KLWorster,,188,,,"RT @WayneDupreeShow: Just woke up to tweet this out #GOPDebate 

Best line of the night via @GovMikeHuckabee http://t.co/6OV5hxHIcV",,8/7/2015 9:54,6.29697E+17,"Fargo, ND",Central Time (US & Canada)
13,No candidate mentioned,1,yes,1,Negative,0.6957,None of the above,1,,wiggerblonde,,0,,,Me reading my family's comments about how great the #GOPDebate was http://t.co/gIaGjPygXZ,,8/7/2015 9:54,6.29697E+17,,
14,Jeb Bush,0.6947,yes,1,Neutral,0.6421,Foreign Policy,1,,NCBibleThumper,,5,,,"RT @ArcticFox2016: RT @AllenWestRepub ""Dear @JebBush #GOPDebate #NotAMistake http://t.co/TtFG7KYcd9""",,8/7/2015 9:54,6.29697E+17,"Montgomery, AL ",Central Time (US & Canada)
15,Scott Walker,1,yes,1,Positive,1,None of the above,1,,In_Related_News,,215,,,RT @pattonoswalt: I loved Scott Walker as Mark Harmon's romantic rival in SUMMER SCHOOL. Look it up. #GOPDebate,,8/7/2015 9:54,6.29697E+17,"San Diego, California",Pacific Time (US & Canada)
16,Chris Christie,1,yes,1,Negative,1,None of the above,0.6778,,MDiner92,,0,,,Hey @ChrisChristie exploiting the tragedy of 9/11 for your own political gain is @rudygiulianiGOP's thing #GOPDebate,,8/7/2015 9:54,6.29697E+17,,Central Time (US & Canada)
17,Donald Trump,0.3923,yes,0.6264,Negative,0.6264,Women's Issues (not abortion though),0.3923,,gina_catch22gg,,45,,,RT @CarolCNN: #DonaldTrump under fire for comments about women @PeterBeinart @SL_Schaeffer @IWF @@MyRkiger weigh in on #GOPdebate http://t.‚Ä¶,,8/7/2015 9:54,6.29697E+17,,
18,Donald Trump,0.6404,yes,1,Negative,0.6629,FOX News or Moderators,1,,ERNESTZorro,,7,,,RT @johncardillo: Guess who had most speaking time at the #GOPDebate. @FoxNews moderators with 31.7% of time. http://t.co/2WSUT0c0Lx,,8/7/2015 9:54,6.29697E+17,,Mountain Time (US & Canada)
19,No candidate mentioned,1,yes,1,Negative,1,None of the above,0.686,,LordWhatAMess,,0,,,reason comment is funny 'in case you're ignorant' is the #gop #tcot are the reason the government isn't working for the people #gopdebate,,8/7/2015 9:54,6.29697E+17,,Eastern Time (US & Canada)
20,Mike Huckabee,1,yes,1,Negative,0.6669,LGBT issues,1,,oak523,,93,,,"RT @PamelaGeller: Huckabee: Paying for transgender surgery for soldiers, sailors and airmen does not make our country safer #Ha #GOPDebate",,8/7/2015 9:54,6.29697E+17,NJ,Eastern Time (US & Canada)
21,Ted Cruz,1,yes,1,Positive,1,None of the above,1,,rickymcghee,,6,,,"RT @ChuckNellis: Cruz has class &amp; truth, that gets my vote! #GOPDebate",,8/7/2015 9:54,6.29697E+17,"fripp island,sc/ southeast ga",
22,Donald Trump,0.2353,yes,0.6702,Negative,0.3511,None of the above,0.4492,,TeaTraitors,,2,,,RT @mchamric: RT ‚Äú@TeaTraitors: #GOPDebate was still Clown Show! I'm glad Head Clown Trump helping destroy GOP. http://t.co/nwGx8G8JWr‚Äù,,8/7/2015 9:54,6.29697E+17,Conspiracy Theoryland,Pacific Time (US & Canada)
23,No candidate mentioned,1,yes,1,Negative,1,None of the above,0.3484,,hoopsfanatic28f,,404,,,RT @erinmallorylong: No *I* hate Planned Parenthood and women more! NO I HATE PLANNED PARENTHOOD AND WOMEN MORE!!!!! #GOPDebate,,8/7/2015 9:54,6.29697E+17,"Lynnwood, WA",Pacific Time (US & Canada)
24,No candidate mentioned,1,yes,1,Neutral,0.6701,None of the above,0.6701,,ottcanada,,415,,,RT @thekevinryder: #GOPDebate (Vine by @dabulldawg88) https://t.co/XKxVDrADce,,8/7/2015 9:54,6.29697E+17,"Vancouver, Canada",Eastern Time (US & Canada)
25,No candidate mentioned,1,yes,1,Negative,0.6989,FOX News or Moderators,1,,brattymad,,93,,,RT @MrPooni: Fox News trying to convince us young Black Americans are more worried about ISIS than police terrorism #GOPDebate http://t.co/‚Ä¶,,8/7/2015 9:54,6.29697E+17,,
26,Marco Rubio,0.6889,yes,1,Negative,1,None of the above,1,,America4Aliens,,0,,,"#GOPDebate rankings: worst to be performance - Rubio, Kasich, Christie, Bush, Trump, Cruz, Walker, Paul, Huckabee, Carson.",,8/7/2015 9:54,6.29697E+17,"Sydney, New South Wales",
27,Scott Walker,1,yes,1,Negative,1,Abortion,1,,mch7576,,19,,,RT @TheBaxterBean: Scott Walker's Abortion Ban Allows Rapist Father To Sue For Emotional Distress http://t.co/rHMvgumuir #GOPDebate @Badger‚Ä¶,,8/7/2015 9:54,6.29697E+17,USA ,
28,No candidate mentioned,0.4209,yes,0.6488,Negative,0.3401,,0.2279,,lex_ruu,,156,,,"RT @feministabulous: It's not a competition, but how have we moved so far on gay rights but women's rights is worse than it's ever been? #G‚Ä¶",,8/7/2015 9:54,6.29697E+17,,Eastern Time (US & Canada)
29,Donald Trump,1,yes,1,Negative,1,None of the above,1,,OldOne4Sure,,2,,,RT @mch7576: RT ‚Äú@TeaTraitors: #GOPDebate was still Clown Show! I'm glad Head Clown Trump helping destroy GOP. http://t.co/pRy2QPCWfu‚Äù‚Äù,,8/7/2015 9:54,6.29697E+17,Cleveland Texas,Central Time (US & Canada)
30,No candidate mentioned,0.405,yes,0.6364,Negative,0.3295,None of the above,0.405,,outlawjoZ,,4965,,,RT @HillaryClinton: Watch the #GOPdebate? Bet you feel like donating to a Democrat right about now. http://t.co/pGlQCqQgOP http://t.co/QP1e‚Ä¶,,8/7/2015 9:54,6.29697E+17,EveryWhere,Eastern Time (US & Canada)
31,No candidate mentioned,1,yes,1,Negative,1,None of the above,0.6702,,BMcCluregolf,,0,,,@fbhw they're going to need to borrow the train horn for the next #GOPDebate ! The little bell was wimpy! #hornmeansyouredone,,8/7/2015 9:54,6.29697E+17,"Green Bay, WI",
32,Ted Cruz,0.4171,yes,0.6458,Negative,0.6458,None of the above,0.4171,,Ruppy_puppy,,14,,,RT @LisaVikingstad: Ted Cruz at the #GOPDebate will be like Ted Cruz in bed. He will keep a confusingly sad look on his face and refuse to ‚Ä¶,,8/7/2015 9:54,6.29697E+17,,Atlantic Time (Canada)
33,No candidate mentioned,1,yes,1,Neutral,0.6629,None of the above,1,,litvakfeliks,,0,,,The First #GOPDebate: Social Media Reaction and More http://t.co/X6KUVSkltF,,8/7/2015 9:54,6.29697E+17,European Union,Bratislava
34,No candidate mentioned,1,yes,1,Neutral,1,None of the above,1,,audreyspizza,,0,,,#SocialMedia: The First #GOPDebate: Social Media Reaction and More http://t.co/ogoYfNyiKj,,8/7/2015 9:54,6.29697E+17,Canada,Eastern Time (US & Canada)
35,No candidate mentioned,1,yes,1,Negative,0.6576,FOX News or Moderators,0.6576,,1337invisible,,0,,,RT WinesdayPodcast : An update on FoxNews tech failures for the #GOPDebate http://t.co/FGGlf2J5HU http://t.co/Zw35DkUozi,,8/7/2015 9:54,6.29697E+17,News about tech and more!,Pacific Time (US & Canada)
36,No candidate mentioned,1,yes,1,Negative,0.6393,FOX News or Moderators,1,,TeaParty2A,,216,,,"RT @AmyMek: The Torched has been passed -&gt;.@CandyCrowley is no longer the most Famous Political Assassin! Congratulations @megynkelly, U Wi‚Ä¶",,8/7/2015 9:54,6.29697E+17,United States of America,Mazatlan
37,,0.2277,yes,0.6495,Negative,0.3402,None of the above,0.4218,,RotoStocks,,2,,,"RT @stockwizards3: Trump/Carson ticket would win in a landslide...
@realDonaldTrump @seanhannity @AnnCoulter #Republican #potus #Trump2016 ‚Ä¶",,8/7/2015 9:54,6.29697E+17,,
38,Jeb Bush,1,yes,1,Negative,1,None of the above,1,,shirley_3008,,3427,,,"RT @kvxrdashian: Jeb Bush: ""Obama is at fault, not my brother, because Obama didn't clean up the mess my brother made."" #GOPDebate http://t‚Ä¶",,8/7/2015 9:54,6.29697E+17,,
39,No candidate mentioned,1,yes,1,Negative,1,None of the above,0.6705,,jasonrlee,,3,,,"RT @ali: After the Fox News #GOPDebate, we primary voters are none the wiser on the policy plans these folks are putting forth. Journalism ‚Ä¶",,8/7/2015 9:54,6.29697E+17,Arizona,Arizona
40,No candidate mentioned,0.4398,yes,0.6632,Neutral,0.6632,None of the above,0.4398,,Julie38xo_,,12,,,RT @itsashlyperez: listening to fetty wap while packing because i'm a true american #GOPDebate #doesthishashtagexpire?,,8/7/2015 9:54,6.29697E+17,,
41,Donald Trump,0.4302,yes,0.6559,Negative,0.6559,None of the above,0.2398,,JmeMad,,4,,,RT @mgell: Trump is a cross between the shrug emoji and President Business from the Lego movie. #GOPDebate,,8/7/2015 9:54,6.29697E+17,"Chicago, IL",Central Time (US & Canada)
42,No candidate mentioned,1,yes,1,Negative,0.6596,None of the above,1,,nathansiegel_,,4006,,,"RT @JamelleMyBelle: Meanwhile, in the White House...  #GOPDebate http://t.co/nouUUt5hKq",,8/7/2015 9:54,6.29697E+17,,Eastern Time (US & Canada)
43,No candidate mentioned,0.3974,yes,0.6304,Neutral,0.3261,None of the above,0.3974,,Chase_Lea10,,50,,,"RT @RowdyGentleman: If you‚Äôre planning out a #GOPDebate drinking game right now, you‚Äôre a Rowdy Gentleman.",,8/7/2015 9:54,6.29697E+17,,Arizona
44,No candidate mentioned,1,yes,1,Negative,0.6869,Racial issues,0.6869,,Blessed_Sharday,,450,,,RT @brownblaze: PLEASE RT. #KKKorGOP #GOPDebate http://t.co/YaqYAC3uV3,,8/7/2015 9:54,6.29697E+17,Tac,Pacific Time (US & Canada)
45,Donald Trump,1,yes,1,Negative,1,Women's Issues (not abortion though),0.6713,,SarahMLevin,,0,,,"Trump thinks criticism of his misogynistic remarks is a ""political correctness"" problem. Nope, it's a pervasive #sexism problem. #GOPDebate",,8/7/2015 9:54,6.29697E+17,"Washington, DC",Atlantic Time (Canada)
46,No candidate mentioned,1,yes,1,Negative,0.6591,Racial issues,1,,briaslide,,4416,,,"RT @LeKarmaSucre: How the #GOPDebate handled #BlackLivesMatter 

http://t.co/8ZGdY6lPCT",,8/7/2015 9:54,6.29697E+17,,Central Time (US & Canada)
47,Donald Trump,0.4642,yes,0.6813,Neutral,0.3407,FOX News or Moderators,0.4642,,leeleemunster,,6,,,RT @palmaceiahome1: The goal of #FoxNews last night was to take out Trump and pave the way for a RINO like Bush or Kasich. #GOPDebate,,8/7/2015 9:54,6.29697E+17,,
48,Donald Trump,1,yes,1,Neutral,0.6524,Jobs and Economy,0.6524,,dbizcap,,189,,,RT @philstockworld: From our Live Chat Room: #GOPDebate #Trump #Futures $SPY #NonFarmPayrolls #Jobs #Netflix -- http://t.co/0K06Sf81rq http‚Ä¶,,8/7/2015 9:54,6.29697E+17,California,
49,Donald Trump,1,yes,1,Positive,0.6353,FOX News or Moderators,1,,held_jana,,0,,,‚Äú@DanScavino: #GOPDebate w/ @realDonaldTrump delivered the highest ratings in the history of presidential debates. #Trump2016 Fox say thanks,,8/7/2015 9:54,6.29697E+17,,
50,Mike Huckabee,1,yes,1,Negative,0.6458,None of the above,0.6762,,Matthew8News,,0,,,"RT @gov: Most-Tweeted @GovMikeHuckabee #GOPDebate moment: saying purpose of military ""to kill people/break things"" re trans servicemembers",,8/7/2015 9:54,6.29697E+17,"Richmond, VA",Eastern Time (US & Canada)
51,No candidate mentioned,0.4004,yes,0.6327,Neutral,0.6327,None of the above,0.4004,,Mor_Fost,,12,,,RT @ariannahuff: The best and worst from the #GOPDebate http://t.co/YkI30j7hhO,,8/7/2015 9:54,6.29697E+17,Fort Worth,New Delhi
52,Rand Paul,0.67,yes,1,Positive,0.6397,Women's Issues (not abortion though),0.6397,,WorldWarJess,,78,,,"RT @megynkelly: .@ChrisStirewalt: Big moments were @RandPaul vs. @ChrisChristie, and @realDonaldTrump reaction to women question. #KellyFil‚Ä¶",,8/7/2015 9:54,6.29697E+17,U.S. city with the most Cubans,Atlantic Time (Canada)
53,No candidate mentioned,1,yes,1,Negative,1,Women's Issues (not abortion though),1,,Radiant_Body,,4,,,"RT @STYLEMOM: Here's a question, WHY in the hell are WOMEN &amp; our body parts even in this debate? Foh, stop it, it's not 1965 wtf #GOPDebate‚Ä¶",,8/7/2015 9:54,6.29697E+17,"Denver, CO",Central Time (US & Canada)
54,Donald Trump,1,yes,1,Negative,0.6633,FOX News or Moderators,0.6633,,NewsWriter2,,0,,,@rushlimbaugh Americans getting beheaded overseas and @megynkelly is worried whether @realDonaldTrump calls Rosie O'Donnell fat? #GOPDebate,,8/7/2015 9:54,6.29697E+17,Los Angeles,Pacific Time (US & Canada)
55,No candidate mentioned,1,yes,1,Negative,0.6957,FOX News or Moderators,1,,realmojesse5372,,5,,,"RT @ChuckNellis: I won't defend @FoxNews, they were FAR from fair OR balanced last night, but name calling is juvenile. #GOPDebate",,8/7/2015 9:54,6.29697E+17,"Houston, TX",Central Time (US & Canada)
56,No candidate mentioned,1,yes,1,Negative,1,Religion,1,,HeathenTech,,5,,,"RT @theskysgoneout: To non-Christians, #GOPDebate ""God"" questions underline how little anyone really cares about religious minorities. Chri‚Ä¶",,8/7/2015 9:54,6.29697E+17,Midgard,Mountain Time (US & Canada)
57,No candidate mentioned,1,yes,1,Negative,1,Racial issues,1,,mombizzz,,105,,,RT @Bipartisanism: The #GOPDebate response to #BlackLivesMatter was pathetic. http://t.co/isMXbrRM0h,,8/7/2015 9:54,6.29697E+17,U.S.A,Central Time (US & Canada)
58,No candidate mentioned,0.224,yes,0.6611,Negative,0.6611,FOX News or Moderators,0.224,,janet_sistare,,23,,,RT @factcheckdotorg: .@JebBush said he cut FL taxes by $19B. But that includes cuts in estate taxes mandated by federal law. #GOPDebate. ht‚Ä¶,,8/7/2015 9:54,6.29697E+17,"Rhinebeck, NY",
59,No candidate mentioned,1,yes,1,Negative,0.6667,Abortion,1,,debby_lowery,,230,,,"RT @mydaughtersarmy: Dear GOP,
If you want to stop abortions... 

#GOPDebate 
http://t.co/RbL1t4iPx6",,8/7/2015 9:54,6.29697E+17,NW Florida,Central Time (US & Canada)
60,Ted Cruz,0.4664,yes,0.6829,Positive,0.3659,Foreign Policy,0.2499,,MelanieEli2015,,123,,,"RT @KarrattiPaul: Join ISIS and sign your death warrant,
Signed @tedcruz next President of the USÛæì¶

#GOPDebate #WakeUpAmerica #CruzCrew htt‚Ä¶",,8/7/2015 9:54,6.29697E+17,,
61,No candidate mentioned,0.4492,yes,0.6702,Negative,0.6702,None of the above,0.4492,,marcylauren,,83,,,RT @P0TUS: #GOPDebate closing statements: http://t.co/S15NLilLso,,8/7/2015 9:54,6.29697E+17,Delaware,Eastern Time (US & Canada)
62,No candidate mentioned,1,yes,1,Negative,1,FOX News or Moderators,1,,search4rr,,154,,,"RT @AmyMek: Status üëâ Single 

I broke up with @FoxNews last night!   Goodbye @megynkelly, @BretBaier &amp; Chris Wallace.

#GOPDebate http://t.‚Ä¶",,8/7/2015 9:54,6.29697E+17,"Florida,, usually",Eastern Time (US & Canada)
63,Donald Trump,1,yes,1,Positive,0.6693,None of the above,0.6815,,tcot2014,,18,,,"RT @FrankLuntz: Before the #GOPDebate, 14 focus groupers said they had favorable view of Trump.

After, only 3 saw him positively.  http://‚Ä¶",,8/7/2015 9:54,6.29697E+17, NYC,Eastern Time (US & Canada)
64,No candidate mentioned,1,yes,1,Positive,0.7065,None of the above,1,,DavidWarren25,,23,,,"RT @_Holly_Renee: Just made my first donation to @CarlyFiorina.
So impressed by her #GOPDebate performance.
#Fiorina http://t.co/JLfhFvZ7ST",,8/7/2015 9:54,6.29697E+17,San Diego,Pacific Time (US & Canada)
65,No candidate mentioned,1,yes,1,Negative,1,Foreign Policy,1,,TracyCarrillo15,,135,,,RT @TheJimHughes: If we want to stop sending foreign aid to places that burn our flag can we start with Berkeley? #GOPDebate,,8/7/2015 9:54,6.29697E+17,,
66,Rand Paul,1,yes,1,Neutral,0.6559,None of the above,1,,Van_der_Leun,,1322,,,RT @frankthorpNBC: The Rand Paul eye roll to Chris Christie at the #GOPDebate https://t.co/hf318QSoWD,,8/7/2015 9:54,6.29697E+17,"Seattle, WA",Pacific Time (US & Canada)
67,John Kasich,1,yes,1,Neutral,1,Foreign Policy,1,,kevinburger72,,45,,,RT @JohnKasich: Scrap the President's Iran deal. Iran can‚Äôt get a nuke. #Kasich4Us #GOPDebate http://t.co/9TrZxOnLZF,,8/7/2015 9:54,6.29697E+17,,Central Time (US & Canada)
68,No candidate mentioned,1,yes,1,Neutral,0.6983,None of the above,1,,Mamadoxie,,0,,,Trying to decide if it's too early to come back to Twitter fulltime. Was gonna wait closer to election but the #GOPDebate may have me hooked,,8/7/2015 9:54,6.29697E+17,,Mountain Time (US & Canada)
69,Donald Trump,1,yes,1,Positive,0.3508,None of the above,1,,ancient_echoes,,484,,,"RT @MsPackyetti: Donald Trump's campaign reveals 1 important thing: Twitter Trolls are real people.

And they vote. 

That should scare eve‚Ä¶",,8/7/2015 9:54,6.29697E+17,"Oxnerd, California",Arizona
70,Donald Trump,1,yes,1,Negative,1,None of the above,1,,papalputz,,54,,,"RT @Bipartisanism: Those saying ""don't worry, Trump will NEVER be elected"" need to remember we elected George Bush. Twice. #GOPDebate http:‚Ä¶",,8/7/2015 9:54,6.29697E+17,Vatican City,
71,Donald Trump,1,yes,1,Negative,1,FOX News or Moderators,1,,randomsubu,,0,,,"Fox News Had Its Own #GOPDebate Agenda: Promote Carly ""never mention fired from HP"" Fiorina, &amp; run Trump out of race http://t.co/9k1eujdFo7",,8/7/2015 9:54,6.29697E+17,"Pittsburgh, PA",Eastern Time (US & Canada)
72,No candidate mentioned,0.4444,yes,0.6667,Negative,0.6667,Jobs and Economy,0.2299,,matters_world,,11,,,"RT @HlLLARY: Oh, one more thing. Did anyone hear anything about affordable child care for working families last night in the #GOPDebate ? I‚Ä¶",,8/7/2015 9:54,6.29697E+17,,
73,Jeb Bush,1,yes,1,Negative,0.6667,Foreign Policy,0.6667,,ceg1258,,4,,,"RT @NaughtyBeyotch: RT @AllenWestRepub ""Dear @JebBush #GOPDebate #NotAMistake http://t.co/WQnSuPSPkC""",,8/7/2015 9:54,6.29697E+17,TEXAS is the greatest state,Central Time (US & Canada)
74,No candidate mentioned,1,yes,1,Positive,0.337,None of the above,1,,wise_bob,,0,,,@marthamaccallum @billhemmer #gopdebate Bill and Martha were the A Team in the first debate. 2nd debate was an ambush.,,8/7/2015 9:54,6.29697E+17,"Illinois, SW of Chicago",Central Time (US & Canada)
75,Donald Trump,1,yes,1,Negative,1,FOX News or Moderators,0.6768,,palmaceiahome1,,0,,,"The Country's going to hell and Megyn Kelly on #FoxNews is attacking Trump for a ""war on women?"" #GOPDebate",,8/7/2015 9:54,6.29697E+17,,Quito
76,No candidate mentioned,0.4536,yes,0.6735,Positive,0.6735,Religion,0.4536,,JoshL78,,233,,,"RT @Franklin_Graham: 1st #GOPDebate--Encouraging to see several candidates express their faith in God and His Son, Jesus Christ. http://t.c‚Ä¶",,8/7/2015 9:54,6.29697E+17,"Walland, Tn",Eastern Time (US & Canada)
77,Donald Trump,0.4011,yes,0.6333,Negative,0.6333,,0.2322,,lindamama02,,5,,,"RT @SnarkyDemo: #DonaldTrump said he‚Äôs not ‚Äúpolitically correct.‚Äù  Which, of course, is Trumpspeak for ‚ÄúLet‚Äôs face it, I‚Äôm huge asshole.‚Äù #‚Ä¶",,8/7/2015 9:54,6.29697E+17,,
78,No candidate mentioned,0.3819,yes,0.618,Negative,0.618,Abortion,0.3819,,DanielBeerthuis,,804,,,RT @Bipartisanism: A message to the #GOPDebate candidates: http://t.co/WFK5CmVgiN,,8/7/2015 9:54,6.29697E+17,"Holland, Michigan USA ",Eastern Time (US & Canada)
79,No candidate mentioned,0.6591,yes,1,Negative,1,None of the above,1,,agreenwood0216,,224,,,RT @davidcicilline: This is the worst episode of The Apprentice that I've ever seen. #GOPDebate,,8/7/2015 9:54,6.29697E+17,,
80,No candidate mentioned,0.6691,yes,1,Neutral,0.6691,None of the above,1,,MBryant_73,,18,,,"RT @GovMikeHuckabee: Luntz: ""As the lines go up, they almost reach 100. It almost never happens in the dial research we do."" #GOPDebate
htt‚Ä¶",,8/7/2015 9:54,6.29697E+17,Searcy,Central Time (US & Canada)
81,No candidate mentioned,1,yes,1,Negative,0.6239,None of the above,0.6239,,reemarakhee,,1,,,"RT @lolhayley: ""The purpose of the military is to kill people and break things."" - something an actual man running for president just said ‚Ä¶",,8/7/2015 9:54,6.29697E+17,,Eastern Time (US & Canada)
82,No candidate mentioned,1,yes,1,Negative,0.6211,Healthcare (including Medicare),0.6986,,AtticusBooks,,0,,,Wondering if I could get the Republican Party to pay for my liver transplant after playing @mtaibbi #GOPDebate drinking game last night.,,8/7/2015 9:54,6.29697E+17,"Madison, NJ",Eastern Time (US & Canada)
83,No candidate mentioned,1,yes,1,Positive,0.6667,None of the above,1,,Phadros369,,6,,,RT @BrandonDHowell: Great way to start Friday. #CarlyFiorina @CarlyFiorina #GOPDebate http://t.co/1ai9CuZ8bY,,8/7/2015 9:54,6.29697E+17,,
84,Ted Cruz,0.6977,yes,1,Positive,0.6977,None of the above,1,,DeLoachJW,,1449,,,"RT @tedcruz: If elected, on my first day as President, I'll rescind every illegal and unconstitutional executive order enacted by Pres. Oba‚Ä¶",,8/7/2015 9:54,6.29697E+17,"Arrington, TN",Eastern Time (US & Canada)
85,Donald Trump,1,yes,1,Neutral,1,None of the above,1,,ou2va2le2monde2,,532,,,RT @Ronnie2K: Donald Trump during #GOPDebate be like... https://t.co/jCUirk1i1u,,8/7/2015 9:54,6.29697E+17,,Pacific Time (US & Canada)
86,No candidate mentioned,1,yes,1,Neutral,0.6626,None of the above,0.6497,,Willieintn,,23,,,RT @bruneski: Was upstairs putting the kids to bed. How many questions about climate change did I miss? #GOPDebate #GOPClownCar,,8/7/2015 9:54,6.29697E+17,,Eastern Time (US & Canada)
87,No candidate mentioned,1,yes,1,Negative,0.6889,Abortion,0.6889,,JoshDorner,,0,,,"They‚Äôre all Todd Akin now: How the Planned Parenthood sting backfired on Republicans #GOPDebate #StandwithPP 
http://t.co/ekXPfKtHQn",,8/7/2015 9:54,6.29697E+17,The District. ,Quito
88,No candidate mentioned,1,yes,1,Negative,0.6629,FOX News or Moderators,0.6854,,HugeConspiracy,,61,,,RT @learjetter: Hey @Foxnews let #REPUBLICANS digest #GOPDebate before allowing crazy @DWStweets to TRASH OUR #GOP! @LadySandersfarm http:/‚Ä¶,,8/7/2015 9:54,6.29697E+17,Southwest USA,
89,Donald Trump,1,yes,1,Negative,1,None of the above,0.3483,,DoremusJ,,13,,,RT @TheBaxterBean: Watch Donald Trump Receive Enormous Applause for Horribly Misogynistic #GOPDebate Answer http://t.co/R4e8TpOtd5 http://t‚Ä¶,,8/7/2015 9:54,6.29697E+17,9/10th mile north Nowhere OK,
90,No candidate mentioned,1,yes,1,Neutral,1,None of the above,1,,Daniel_DeMay,,0,,,A few of my favorite #Twitter responses to the #GOPDebate last night: http://t.co/2IqcdrCdlm http://t.co/7TDMA3VLM8,,8/7/2015 9:54,6.29697E+17,"Seattle, WA",Alaska
91,No candidate mentioned,0.4344,yes,0.6591,Positive,0.6591,FOX News or Moderators,0.4344,,LarkXOXO,,0,,,"Even though she's a super conservative reporter, I actually like Megyn Kelly's interview style &amp; she did great at the #GOPDebate",,8/7/2015 9:54,6.29697E+17,Stevens Point // DeKalb,Mountain Time (US & Canada)
92,No candidate mentioned,0.4444,yes,0.6667,Negative,0.6667,None of the above,0.4444,,RayT2011,,839,,,RT @kingsthings: The #GOPdebate is not a debate at all. It's a series of 1 minute opportunities to avoid answering a question one candidate‚Ä¶,,8/7/2015 9:54,6.29697E+17,Los Angeles,
93,No candidate mentioned,0.4258,yes,0.6526,Positive,0.3474,None of the above,0.4258,,poconofolks,,1,,,RT @MelissaGracey: Credit for this joke goes to someone else but it is funny! #GOPDebate http://t.co/iCreDSSplR,,8/7/2015 9:54,6.29697E+17,,
94,No candidate mentioned,1,yes,1,Positive,1,None of the above,0.6667,,IdahoGOP,,44,,,RT @Reince: Simply incredible. http://t.co/apXM8AO8jf Last night's #GOPDebate doubled the previous record for most-watched primary debate i‚Ä¶,,8/7/2015 9:54,6.29697E+17,"Boise, Idaho",Mountain Time (US & Canada)
95,No candidate mentioned,1,yes,1,Negative,1,None of the above,1,,kweidleman,,1,,,"RT @KateThomas: This literally couldn't be more true for me. ""I Watched the #GOPDebate &amp; All I Got Was a Lousy Hangover"" http://t.co/cxch7X‚Ä¶",,8/7/2015 9:54,6.29697E+17,"Washington, DC",Eastern Time (US & Canada)
96,Donald Trump,1,yes,1,Negative,0.6659,None of the above,0.6905,,ACasaFreehold,,1,,,RT @fl_dreamer: Haha a little saas from @voxdotcom this morning towards @realDonaldTrump. #FactChecked #GOPDebate http://t.co/dAeCtmLlaj,,8/7/2015 9:54,6.29697E+17,191 Throckmorton St. Freehold,
97,Jeb Bush,0.4413,yes,0.6643,Neutral,0.3517,None of the above,0.2336,,ceg1258,,1,,,"RT @TexasCruzn: RT @AllenWestRepub ""Dear @JebBush #GOPDebate #NotAMistake http://t.co/1z3VuFjZlw""",,8/7/2015 9:54,6.29697E+17,TEXAS is the greatest state,Central Time (US & Canada)
98,No candidate mentioned,1,yes,1,Negative,1,None of the above,1,,gleason_danny,,347,,,RT @zellieimani: What people saw in person vs what we saw on tv. #GOPDebate http://t.co/QlGsXRH5Hw,,8/7/2015 9:54,6.29697E+17,"Austin, Texas",
99,Marco Rubio,0.4535,yes,0.6734,Negative,0.6734,LGBT issues,0.4535,,seedywumps,,9,,,RT @TheBaxterBean: Marco Rubio Told To His Face He's 'Candidate Of Yesterday' For His Anti-Gay Bigotry http://t.co/a4EiuETTLf #GOPDebate ht‚Ä¶,,8/7/2015 9:54,6.29697E+17,"lib utopia, with unicorns",Pacific Time (US & Canada)
100,Donald Trump,1,yes,1,Negative,0.6264,None of the above,1,,Liberalibrarian,,4,,,"RT @carIisIe: None of them have made Trump look out of place or foolish yet. Think about that. When you're done crying, think about it agai‚Ä¶",,8/7/2015 9:54,6.29697E+17,"Las Vegas, Nevada",America/Los_Angeles
101,No candidate mentioned,1,yes,1,Neutral,0.6552,None of the above,0.6552,,TheClementLime,,1,,,"RT @akbarjenkins: Maybe the GOP just got Piven &amp; Cloward confused with Pinkard &amp; Bowden? ""She thinks I steal cars..."" @kevinbaker @KevinMKr‚Ä¶",,8/7/2015 9:54,6.29697E+17,,
102,No candidate mentioned,1,yes,1,Positive,1,None of the above,1,,MikeT1647,,0,,,Had a great time watching the #GOPDebate last night http://t.co/qCmxMU8MLP,,8/7/2015 9:54,6.29697E+17,,Mountain Time (US & Canada)
103,Donald Trump,1,yes,1,Negative,1,Women's Issues (not abortion though),0.6634,,danijeantheq,,149,,,"RT @JRehling: #GOPDebate Donald Trump says that he doesn't have time for political correctness. How does calling women ""fat pigs"" save him ‚Ä¶",,8/7/2015 9:54,6.29697E+17,,
104,No candidate mentioned,1,yes,1,Negative,1,None of the above,1,,DouglasRobert70,,18,,,RT @theonlyadult: This is the @POTUS we have now. One of the people on TV now might be the next one. RIP everything. #GOPDebate http://t.co‚Ä¶,,8/7/2015 9:54,6.29697E+17,,Mountain Time (US & Canada)
105,Donald Trump,1,yes,1,Neutral,0.7027,None of the above,1,,Kassandra_Troy,,0,,,I think @realDonaldTrump was caught by surprise by that first question and was never able to recover his equilibrium. #GOPDebate,,8/7/2015 9:54,6.29697E+17,Euro Swamp,Amsterdam
106,No candidate mentioned,1,yes,1,Negative,1,FOX News or Moderators,0.6437,,Osunga,,2,,,"RT @kirahoffy: ""@FoxNews web stream and mobile app fail during #GOPDebate‚Äù ‚Ä¶ Why am I not surprised? http://t.co/tkpEsoOEZT",,8/7/2015 9:54,6.29697E+17,Los Angeles,Pacific Time (US & Canada)
107,John Kasich,1,yes,1,Positive,1,Jobs and Economy,1,,kevinburger72,,90,,,"RT @JohnKasich: John Kasich helped Ohioans create 350,000 new jobs. He can do it for America. #GOPDebate http://t.co/kBzfBJyp2C",,8/7/2015 9:54,6.29697E+17,,Central Time (US & Canada)
108,No candidate mentioned,0.4204,yes,0.6484,Positive,0.3297,,0.228,,Sacerdotus,,0,,,Please help the Maryknoll Sisters replace windows in their convent https://t.co/fDgXG3VV13 #Catholic #gofundme #trcot #GOPDebate,,8/7/2015 9:54,6.29697E+17,USA,Eastern Time (US & Canada)
109,No candidate mentioned,1,yes,1,Neutral,0.6557,None of the above,1,,KristenLuciano1,,156,,,"RT @CarlyFiorina: At #GOPDebate, I won over our largest audience yet. Can you chip in $3 to help us keep it up?https://t.co/nzYnC1JRxS
http‚Ä¶",,8/7/2015 9:54,6.29697E+17,,Central Time (US & Canada)
110,Donald Trump,0.4736,yes,0.6882,Negative,0.6882,None of the above,0.4736,,Clever_Otter,,0,,,Trump just said @JebBush is a true gentleman &amp; then they started violently 69ing. #GOPDebate,,8/7/2015 9:54,6.29697E+17,Earth,Mountain Time (US & Canada)
111,No candidate mentioned,1,yes,1,Negative,1,Women's Issues (not abortion though),1,,grady77,,95,,,RT @cameronesposito: Ugh will these guys ever shut up about how much they respect women? #GOPDebate,,8/7/2015 9:53,6.29697E+17,PDX,Eastern Time (US & Canada)
112,Donald Trump,1,yes,1,Negative,1,None of the above,0.6322,,lindamama02,,5,,,"RT @SnarkyDemo: What did the #GOPDebate teach us about a future President Trump?  America probably won‚Äôt be safe, except if we‚Äôre attacked ‚Ä¶",,8/7/2015 9:53,6.29697E+17,,
113,No candidate mentioned,1,yes,1,Negative,1,Foreign Policy,0.6765,,DEveLRatCity,,18,,,"RT @congoboy: This is going to be a long, tiring election season. 
""shockingly ill-informed"" candidates at #GOPDebate
http://t.co/vTK1k0tXi‚Ä¶",,8/7/2015 9:53,6.29697E+17,Seattle ,
114,Marco Rubio,1,yes,1,Neutral,0.6545,None of the above,0.6545,,unicornmajik,,46,,,"RT @AmyMek: ""God has blessed the Republican party with many great candidates, @TheDemocrats can't even find one"" - @marcorubio #GOPDebate",,8/7/2015 9:53,6.29697E+17,Arizona,Arizona
115,John Kasich,0.678,yes,1,Neutral,0.6615,Jobs and Economy,1,,kevinburger72,,73,,,RT @JohnKasich: The miracle can happen to you. Grow opportunity and grow jobs. #GOPDebate http://t.co/lNqhDgTUdK,,8/7/2015 9:53,6.29697E+17,,Central Time (US & Canada)
116,Scott Walker,1,yes,1,Negative,1,None of the above,1,,marcylauren,,51,,,RT @MattyIceAZ: Scott Walker can't even carry his own state. #GOPDebate,,8/7/2015 9:53,6.29697E+17,Delaware,Eastern Time (US & Canada)
117,No candidate mentioned,1,yes,1,Negative,1,Racial issues,1,,kaewizzzle,,409,,,"RT @XLNB: Black people, if you need anymore indication why Republicans hate us. Peep this. #GOPDebate http://t.co/Bh0ChsY5Eh",,8/7/2015 9:53,6.29697E+17,,Mountain Time (US & Canada)
118,No candidate mentioned,1,yes,1,Negative,1,None of the above,0.6966,,DavidBloomberg,,94,,,"RT @Smethanie: Sure, God told me I should run, and the Tooth Fairy agreed and all the Teletubbies voted yes, so here I am. #GOPDebate",,8/7/2015 9:53,6.29697E+17,"Springfield, IL",Central Time (US & Canada)
119,Donald Trump,1,yes,1,Negative,0.6705,FOX News or Moderators,1,,WillisShepherd,,2,,,RT @palmaceiahome1: Trump should have told Megyn Kelly to go to HELL! #FoxNews #GOPDebate,,8/7/2015 9:53,6.29697E+17,Las Vegas NV,
120,No candidate mentioned,1,yes,1,Negative,1,FOX News or Moderators,1,,annykatzy,,2,,,"RT @palmaceiahome1: Caller on the Rush Limbaugh show:""I have lost all respect for Fox News."" #FoxNews #GOPDebate",,8/7/2015 9:53,6.29697E+17,Fla/Mich,Central Time (US & Canada)
121,Donald Trump,1,yes,1,Negative,0.6708,FOX News or Moderators,1,,Slim_Shady2o3,,482,,,"RT @realDonaldTrump: ""@stinger_inc: @realDonaldTrump  @megynkelly's behaviour at the #GOPDebate was astonishingly biased.""",,8/7/2015 9:53,6.29697E+17,USA,Eastern Time (US & Canada)
122,Marco Rubio,1,yes,1,Positive,0.3523,Jobs and Economy,0.6932,,VicSonaglia,,0,,,"Republicans Debate Economics: Rubio Wins, Bush Falters, Huckabee Exaggerates http://t.co/mOlloaQhWQ #GOPdebate #knowmorenotless @GPNAPLang",,8/7/2015 9:53,6.29697E+17,,Quito
123,No candidate mentioned,1,yes,1,Negative,0.6932,None of the above,1,,paulrikmans,,4,,,RT @JamesViser: Huh. Half of Clinton's charity went to...the Clintons! http://t.co/BVwRoSgWAL #copolitics #Hillary2016 #StopHillary #UniteB‚Ä¶,,8/7/2015 9:53,6.29697E+17,10km from amsterdam,Amsterdam
124,Donald Trump,1,yes,1,Negative,0.6892,FOX News or Moderators,1,,LawrenceLange1,,2,,,"RT @kraig4u: #GOPDebate  The order was to ""take out Trump"", but I wonder if FOX News was the one who took the ""order"" seriously. @HeidiL_RN",,8/7/2015 9:53,6.29697E+17,,
125,No candidate mentioned,1,yes,1,Neutral,0.6737,None of the above,1,,1936power,,15,,,"RT @DiegoUK: Democrats watching the #GOPDebate last night http://t.co/7v4WJok3vM 
#p2 #ctl #topprog #tcot #tlot",,8/7/2015 9:53,6.29697E+17,"Philadelphia, PA",Eastern Time (US & Canada)
126,Donald Trump,1,yes,1,Negative,0.6549,FOX News or Moderators,1,,awesomenautted,,112,,,"RT @AmyMek: We all owe @realDonaldTrump a huge thank you 4 exposing to the worldüëâ@megynkelly, Chris Wallace, &amp; @FrankLuntz are true Rhinos!‚Ä¶",,8/7/2015 9:53,6.29697E+17,,Pacific Time (US & Canada)
127,Scott Walker,0.4089,yes,0.6395,Negative,0.6395,None of the above,0.4089,,glamorqueen,,224,,,RT @TheBaxterBean: Scott Walker Lies: Says WI Budget Has $535M Surplus (Actually Has $1.76B Deficit) http://t.co/VVMxzkxLKr #GOPDebate http‚Ä¶,,8/7/2015 9:53,6.29697E+17,,Central Time (US & Canada)
128,No candidate mentioned,0.461,yes,0.679,Positive,0.3432,Abortion,0.461,,outlawjoZ,,0,,,You're right Last I heard @SenSanders was that only women could give birth to s child. Has that changed? #GOPDebate  https://t.co/5HkCefp1hf,,8/7/2015 9:53,6.29697E+17,EveryWhere,Eastern Time (US & Canada)
129,No candidate mentioned,1,yes,1,Neutral,0.6593,None of the above,0.6647,,Jh_Kleinman,,1098,,,"RT @pattonoswalt: ""Have any of you received a word from God?"" = ""Are any of you soup-sandwich crazy?"" #GOPDebate",,8/7/2015 9:53,6.29697E+17,,Pacific Time (US & Canada)
130,No candidate mentioned,1,yes,1,Negative,1,FOX News or Moderators,1,,ProtectIllusion,,52,,,"RT @FrankConniff: Fox News #GOPDebate interviewer to candidates: ""What's your take on these GOP talking points I'm feeding you?""",,8/7/2015 9:53,6.29697E+17,,Mountain Time (US & Canada)
131,No candidate mentioned,0.4286,yes,0.6546,Negative,0.6546,,0.2261,,TrishFish42,,127,,,RT @LeslieMac: But the murder of black ppl is just fine- just not unborn black babies? #GOPLogic #GOPDebate,,8/7/2015 9:53,6.29697E+17,,Eastern Time (US & Canada)
132,No candidate mentioned,1,yes,1,Neutral,0.7024,None of the above,1,,dustysandyroads,,3847,,,RT @HillaryClinton: Missing Jon Stewart already. #GOPdebate #JonVoyage -H,,8/7/2015 9:53,6.29697E+17,CA,Pacific Time (US & Canada)
133,Chris Christie,1,yes,1,Positive,1,None of the above,1,,FasterTrader,,1,,,RT @CharlotteLaws: Chris Christie is really standing out at the #GOPdebate,,8/7/2015 9:53,6.29697E+17,"Los Angeles, CA",
134,Donald Trump,1,yes,1,Positive,0.3587,FOX News or Moderators,0.7065,,hankkohl,,1,,,"RT @libertyjibbet: Hey .@realDonaldTrump You know who didn't whine about ""unfair"" questions? @CarlyFiorina Grow a set why don't ya'. #GOPDe‚Ä¶",,8/7/2015 9:53,6.29697E+17,,Central Time (US & Canada)
135,No candidate mentioned,1,yes,1,Negative,1,Abortion,1,,jcmarder,,0,,,"You can't be pro-life AND have watched that 2 hour abortion last night.
#GOPDebate #forkedtongue #IseeOrangePeople",,8/7/2015 9:53,6.29697E+17,"San Marino, California",Pacific Time (US & Canada)
136,Donald Trump,0.6921,yes,1,Negative,1,FOX News or Moderators,1,,JCArgentum,,310,,,"RT @DanScavino: .@MegynKelly,
You failed the American people tonight. 
You tried to make history, by destroying @realDonaldTrump. #KellyFai‚Ä¶",,8/7/2015 9:53,6.29697E+17,,
137,No candidate mentioned,1,yes,1,Negative,1,Religion,1,,markmcandrew,,334,,,"RT @edstetzer: Btw... when you mix politics and religion, you get politics. #GOPDebate",,8/7/2015 9:53,6.29697E+17,"Athens, Ga",
138,Marco Rubio,0.4233,yes,0.6506,Positive,0.3373,Abortion,0.4233,,JoWesterhof,,350,,,RT @TeamMarco: Marco nailed it on abortion. We must protect life. #GOPDebate http://t.co/Nn6S7dO22J,,8/7/2015 9:53,6.29697E+17,,
139,Donald Trump,0.7063,yes,1,Negative,1,FOX News or Moderators,1,,Transcend_Rsrch,,0,,,@megynkelly @BretBaier @foxnews WTF was up with Chris Wallace attacking #Trump2016 on bankruptcy then giving Rubio a softball? #GOPDebate,,8/7/2015 9:53,6.29697E+17,,
140,No candidate mentioned,0.4154,yes,0.6445,Negative,0.3451,None of the above,0.4154,,Caitlin_R_Olson,,0,,,They obviously didn't get the memo about #SeersuckerThursday. #GOPDebate http://t.co/LZagRRtZfl,,8/7/2015 9:53,6.29697E+17,"Berkeley, CA",
141,Donald Trump,0.3921,yes,0.6262,Negative,0.6262,None of the above,0.3921,,teachsbeach,,14,,,"RT @VH1: Honestly, Donald Trump you were ALL types of petty at last night's #GOPDebate üòí --&gt; http://t.co/QxdoeMfuqO http://t.co/mcr6lrJh2h",,8/7/2015 9:53,6.29697E+17,,Cape Verde Is.
142,No candidate mentioned,0.4946,yes,0.7033,Negative,0.7033,None of the above,0.4946,,JagbusAnne,,8,,,RT @TuxcedoCat: All Republican dopefuls who say they'll take US back to 2009 on 'Day One' will never see one day in White House! #GOPDebate‚Ä¶,,8/7/2015 9:53,6.29697E+17,,
143,Donald Trump,1,yes,1,Negative,0.6429,None of the above,0.6429,,jennpozner,,0,,,Trump gloating abt buying GOP+Dem pols &amp;them doing his bidding IS my 2000s Billionaire caricature MyaCash #GOPDebate https://t.co/5spmU3csIc,,8/7/2015 9:53,6.29697E+17,"Brooklyn, NY",Eastern Time (US & Canada)
144,No candidate mentioned,0.451,yes,0.6716,Positive,0.3372,FOX News or Moderators,0.2264,,TheRightback1,,226,,,"RT @peddoc63: Go Carlyüì¢
Go Carlyüì¢
Go Carlyüì¢
@CarlyFiorina #Carly2016 #GOPDebate
@FlyoverCulture @LeahR77 @steph93065 @MaydnUSA http://t.co/‚Ä¶",,8/7/2015 9:53,6.29697E+17,,
145,No candidate mentioned,0.3999,yes,0.6324,Negative,0.3296,None of the above,0.3999,,DeisenrothJune,,255,,,RT @Daenerys: Listening to the #GOPDebate like http://t.co/3JrCuQdAFu,,8/7/2015 9:53,6.29697E+17,,
146,Rand Paul,0.6591,yes,1,Positive,1,None of the above,1,,georgecorey4,,5,,,RT @ScorpionsPriest: Best moment of the #GOPDebate last night: Rand telling Christie to go get another hug from Obama.,,8/7/2015 9:53,6.29697E+17,"portsmouth ,Rhode Island",
147,No candidate mentioned,1,yes,1,Negative,1,Foreign Policy,0.3508,,JJBills14,,350,,,RT @JohnFugelsang: If you missed either #GOPDebate all you need to know is there's no $ for struggling Americans and unlimited $ for war.,,8/7/2015 9:53,6.29697E+17,,
148,Jeb Bush,1,yes,1,Negative,0.3563,None of the above,1,,aeroG,,4,,,RT @pfikac: .@JebBush 'We are on the verge of the greatest time to be alive in this world but Washington is holding us back' #mysa #txlege ‚Ä¶,,8/7/2015 9:53,6.29697E+17,"Houston, Texas",Central Time (US & Canada)
149,Donald Trump,1,yes,1,Negative,0.3385,None of the above,1,,urokiamok,,120,,,"RT @DrMartyFox: #Trump Wins Drudge 
Debate Poll 

‚û°Ô∏è By A Landslide 

#TedCruz #2 

#GOPDebate #PJNETüá∫üá∏  
‚òëÔ∏è http://t.co/YUh6j7QqHA http://‚Ä¶",,8/7/2015 9:53,6.29697E+17,SSCA,Arizona
150,No candidate mentioned,1,yes,1,Positive,0.6923,Immigration,1,,jojo21,,8,,,"RT @SiteROI: @GovernorPerry fights back against ""what will you do abt immigration"" Q. Says border is porous, and that must be fixed first. ‚Ä¶",,8/7/2015 9:53,6.29697E+17,"Ellicott City, Maryland",Eastern Time (US & Canada)
151,No candidate mentioned,1,yes,1,Negative,1,None of the above,0.6364,,magicfreak81,,0,,,Summary is the #GOPDebate: Status quo shit show,,8/7/2015 9:53,6.29697E+17,"New York, NY",Eastern Time (US & Canada)
152,No candidate mentioned,0.4528,yes,0.6729,Negative,0.6729,None of the above,0.4528,,abitx2u,,42,,,RT @ThePatriot143: Debbie Blocks Tweeter Who Questioned Dem Debate Schedule  http://t.co/gXNa0TOqaQ #GOPDebate @DWStweets http://t.co/kxIKF‚Ä¶,,8/7/2015 9:53,6.29697E+17,God's Country,
153,No candidate mentioned,1,yes,1,Negative,0.6783,Women's Issues (not abortion though),0.6783,,TrishFish42,,1480,,,"RT @sallykohn: Hey look, it‚Äôs 10 men standing on a stage arguing why they should get to control women‚Äôs bodies and choices. #GOPDebate",,8/7/2015 9:53,6.29697E+17,,Eastern Time (US & Canada)
154,Marco Rubio,0.4123,yes,0.6421,Neutral,0.3263,None of the above,0.4123,,SteegVan,,14,,,"RT @TheBaxterBean: Rubio Budget Raises MiddleClass Taxes, Adds $4.5T Deficit, Cuts InvestmentTax To $0 http://t.co/9S9NuVSAf7 #GOPDebate ht‚Ä¶",,8/7/2015 9:53,6.29697E+17,Central  Florida,Eastern Time (US & Canada)
155,No candidate mentioned,1,yes,1,Negative,1,None of the above,1,,realJohnJericho,,33,,,RT @ChrisJZullo: Last night at the #GOPdebate all I saw was a bunch of Rich and Old despots with ZERO solutions to our nations problems #un‚Ä¶,,8/7/2015 9:53,6.29697E+17,,Central Time (US & Canada)
156,No candidate mentioned,1,yes,1,Neutral,0.6322,None of the above,1,,Kathielarsyn,,3,,,"RT @NancyOsborne180: #GOPDebate #BATsAsk @BadassTeachersA #TBATs Debate over We learned nothing new 
http://t.co/VMtnRi7xev http://t.co/6mt‚Ä¶",,8/7/2015 9:53,6.29697E+17,,
157,No candidate mentioned,1,yes,1,Negative,1,None of the above,1,,cornopaez,,7,,,RT @RFHKerry: If you think ANY of these people are qualified...unfollow me.  #GOPDebate,,8/7/2015 9:53,6.29697E+17,"Pittsburgh, PA",Eastern Time (US & Canada)
158,Ben Carson,0.41,yes,0.6403,Neutral,0.3279,Religion,0.41,,marcylauren,,241,,,RT @Bipartisanism: Ben Carson spoke about science at the #GOPDebate and @neiltyson was like: http://t.co/bYoOH7i3N6,,8/7/2015 9:53,6.29697E+17,Delaware,Eastern Time (US & Canada)
159,No candidate mentioned,0.4025,yes,0.6344,Negative,0.6344,Immigration,0.4025,,EusebiaAq,,0,,,Who's the real illegal alien- #GOPDebate  Farrakhan on Immigration  the Mexican Bor... https://t.co/lkLfFN2LFy via @YouTube,,8/7/2015 9:53,6.29697E+17,America,Eastern Time (US & Canada)
160,No candidate mentioned,0.4445,yes,0.6667,Negative,0.6667,FOX News or Moderators,0.2414,,bad_robot_57,,0,,,#GOPDebate The talking heads put on the debate now the talking heads are telling us how the debates went. Maybe we wasted our time watching,,8/7/2015 9:53,6.29697E+17,,
161,Donald Trump,0.4347,yes,0.6593,Neutral,0.3626,None of the above,0.4347,,NottlyCreek,,66,,,RT @STEEL5757: üéÄ #DonaldTrump Plaza Casino #TeddyBear Plush in #Tuxedo üéÄ http://t.co/QHTTX0PLDG üéÄ #CoolStuff #GOPDebate http://t.co/QJUnzjY‚Ä¶,,8/7/2015 9:53,6.29697E+17,,
162,Donald Trump,1,yes,1,Positive,0.6374,FOX News or Moderators,0.3626,,murmiles,,0,,,"#Trump is right about @megynkelly but really needs to study Matthew 7, verses 3-5. #GOPDebate  https://t.co/ygNprhiehV",,8/7/2015 9:53,6.29697E+17,People's Republic of Broward,
163,Donald Trump,0.6599,yes,1,Neutral,0.6599,None of the above,1,,paryparpari,,116,,,RT @AC360: It wasn‚Äôt all #DonaldTrump. The most memorable #GOPDebate moments right now on #AC360. http://t.co/kDNhGj2RY3 http://t.co/HZ9GwE‚Ä¶,,8/7/2015 9:53,6.29697E+17,,
164,Donald Trump,1,yes,1,Neutral,1,None of the above,1,,owlzly,,0,,,#GOPDebate in one picture http://t.co/WMmucJUqJu,,8/7/2015 9:53,6.29697E+17,Up North,Pacific Time (US & Canada)
165,No candidate mentioned,1,yes,1,Negative,0.6718,Women's Issues (not abortion though),0.6718,,marcidarling,,325,,,"RT @maureenjohnson: ""Where do you think women should sleep when they have The Curse? The shed? Or in an open field, not on your property?' ‚Ä¶",,8/7/2015 9:53,6.29697E+17,Nashville,Central Time (US & Canada)
166,Ben Carson,0.4495,yes,0.6705,Negative,0.3409,Religion,0.2286,,SmittyMyBro,,0,,,"""I think God's a pretty fair guy"" -Ben Carson, neurosurgeon, on his belief modern day taxation should be based on an ancient book
#GOPDebate",,8/7/2015 9:53,6.29697E+17,John Smith AKA Bazooka Joe,Central Time (US & Canada)
167,Donald Trump,1,yes,1,Negative,1,Women's Issues (not abortion though),0.6598,,shyone269,,10,,,"RT @NancyLeeGrahn: The cheers from #GOPDebate  audience afterTrump defiantly named @Rosie as the woman he called ""Fat Pig"" were the voices ‚Ä¶",,8/7/2015 9:53,6.29697E+17,Not where I want to be U.S.A.,America/New_York
168,No candidate mentioned,1,yes,1,Negative,1,Racial issues,1,,Truthbuster,,0,,,"#BlackLives don't matter, apparently, to Republican candidates for president  http://t.co/8rfevFWSXx / or to @FoxNews #uniteblue #GOPDebate",,8/7/2015 9:53,6.29697E+17,"New York, NY",Eastern Time (US & Canada)
169,No candidate mentioned,1,yes,1,Negative,1,Racial issues,1,,Alee_Bono,,0,,,"Overall the main thing we learned from the #GOPDebate is that only straight, white, men matter.",,8/7/2015 9:53,6.29697E+17,The Moon,Mountain Time (US & Canada)
170,No candidate mentioned,1,yes,1,Positive,0.6629,None of the above,0.6404,,Alaskan3401,,0,,,"@USFree4life I thought @seanhannity had the best post #GOPDebate interviews of the night, gave them all a chance 2straighten their position.",,8/7/2015 9:53,6.29697E+17,"Alaska,South Central",Alaska
171,Donald Trump,0.672,yes,1,Negative,0.3452,None of the above,1,,kevinburger72,,277,,,"RT @JohnKasich: Hey @RealDonaldTrump, if you're still looking to chip in, check out http://t.co/dy8KnZ122T

#GOPDebate",,8/7/2015 9:53,6.29697E+17,,Central Time (US & Canada)
172,No candidate mentioned,1,yes,1,Negative,1,FOX News or Moderators,1,,fc7822,,0,,,"@megynkelly @BretBaier #ChrisWallace, #America is criticizing UR PERFORMANCES during #GOPDebate b/c U did a REALLY bad job as ""moderators.""",,8/7/2015 9:53,6.29697E+17,"Riverside, CA - USA",Pacific Time (US & Canada)
173,Mike Huckabee,1,yes,1,Negative,1,None of the above,0.6729,,held_jana,,0,,,"‚Äú@GovMikeHuckabee: Luntz: ""As the lines go up, they almost reach 100. It almost never happens in the dial research we do."" #GOPDebate rigged",,8/7/2015 9:53,6.29697E+17,,
174,Donald Trump,1,yes,1,Negative,1,None of the above,0.6211,,justanothersnl,,11,,,RT @oftenimprudent: I wish we could teach teenage girls to love themselves as much as Donald Trump loves himself. #GOPdebate,,8/7/2015 9:53,6.29697E+17,with Carmen Sandiego,Eastern Time (US & Canada)
175,No candidate mentioned,1,yes,1,Negative,1,None of the above,0.6421,,unicornmajik,,163,,,"RT @AmyMek: Conservatives are a people without a Network! 

#GOPDebate @FoxNews",,8/7/2015 9:53,6.29697E+17,Arizona,Arizona
176,No candidate mentioned,1,yes,1,Negative,1,None of the above,1,,rwyckoff46,,1447,,,RT @BHowl_: How come there's no talk about climate change? Has anyone here even seen California right now? #GOPDebate #DebateWithBernie,,8/7/2015 9:53,6.29697E+17,"Brattleboro, VT",Eastern Time (US & Canada)
177,No candidate mentioned,1,yes,1,Neutral,1,None of the above,1,,jojo21,,4,,,RT @travisconsidine: .@GovernorPerry #GOPDebate Performance Review-Reel: https://t.co/o5QUROZbku #Perry2016,,8/7/2015 9:53,6.29697E+17,"Ellicott City, Maryland",Eastern Time (US & Canada)
